dataset,n,K,soft forest (25 trees),per-leaf soft tree,Random Forest,XGBoost,LightGBM,forest s/fit
banknote-authentication,1372,2,0.987 ± 0.007,0.989,0.993,0.996,0.996,21
kc1,2109,2,0.858 ± 0.011,0.854,0.862,0.858,0.856,10
ozone-level-8hr,2534,2,0.946 ± 0.006,0.941,0.944,0.944,0.945,12
pc1,1109,2,0.933 ± 0.007,0.931,0.939,0.934,0.935,10
pc3,1563,2,0.898 ± 0.007,0.897,0.899,0.892,0.891,9
phoneme,5000,2,0.856 ± 0.015,0.836,0.908,0.895,0.900,56
qsar-biodeg,1055,2,0.883 ± 0.015,0.872,0.871,0.867,0.862,8
spambase,4601,2,0.937 ± 0.005,0.930,0.954,0.955,0.958,109
steel-plates-fault,1941,2,1.000 ± 0.001,1.000,0.994,1.000,1.000,61
wall-robot-navigation,5000,4,0.908 ± 0.012,0.876,0.993,0.996,0.996,66
satimage,5000,6,0.890 ± 0.009,0.878,0.915,0.916,0.923,46
segment,2310,7,0.952 ± 0.009,0.952,0.971,0.975,0.979,34
Digits,1797,10,0.976 ± 0.007,0.927,0.977,0.966,0.974,18
optdigits,5000,10,0.978 ± 0.005,0.938,0.982,0.976,0.981,47
pendigits,5000,10,0.985 ± 0.004,0.954,0.988,0.986,0.988,68
texture,5000,11,0.995 ± 0.003,0.993,0.976,0.981,0.986,474
